<?xml version="1.0" encoding="UTF-8"?>
<project-private xmlns="http://www.netbeans.org/ns/project-private/1">
    <editor-bookmarks xmlns="http://www.netbeans.org/ns/editor-bookmarks/2" lastBookmarkId="0"/>
    <open-files xmlns="http://www.netbeans.org/ns/projectui-open-files/2">
        <group>
            <file>file:/E:/Work-Stations-Backups/APPS-DEV&amp;CODE-STUFFS/JAVA-FILES/MyNilai_22030001/src/View/View_MyNilai_22030001.java</file>
            <file>file:/E:/Work-Stations-Backups/APPS-DEV&amp;CODE-STUFFS/JAVA-FILES/MyNilai_22030001/src/mynilai_22030001/MyNilai_22030001.java</file>
        </group>
    </open-files>
</project-private>
