<?xml version="1.0" encoding="UTF-8"?>
<project-private xmlns="http://www.netbeans.org/ns/project-private/1">
    <editor-bookmarks xmlns="http://www.netbeans.org/ns/editor-bookmarks/2" lastBookmarkId="0"/>
    <open-files xmlns="http://www.netbeans.org/ns/projectui-open-files/2">
        <group>
            <file>file:/C:/Users/ASUS%20TUF%20GAMING%20A15/OneDrive/Documents/NetBeansProjects/App_Data_Member/src/app_data_member/Model/Tabel_Model_Member.java</file>
            <file>file:/C:/Users/ASUS%20TUF%20GAMING%20A15/OneDrive/Documents/NetBeansProjects/App_Data_Member/src/app_data_member/View/View_Member.java</file>
            <file>file:/C:/Users/ASUS%20TUF%20GAMING%20A15/OneDrive/Documents/NetBeansProjects/App_Data_Member/src/app_data_member/app_data_member.java</file>
            <file>file:/C:/Users/ASUS%20TUF%20GAMING%20A15/OneDrive/Documents/NetBeansProjects/App_Data_Member/src/app_data_member/Model/Model_Member.java</file>
            <file>file:/C:/Users/ASUS%20TUF%20GAMING%20A15/OneDrive/Documents/NetBeansProjects/App_Data_Member/src/app_data_member/Koneksi/Koneksi_Member_DB.java</file>
            <file>file:/C:/Users/ASUS%20TUF%20GAMING%20A15/OneDrive/Documents/NetBeansProjects/App_Data_Member/src/app_data_member/Controller/Controller_Member.java</file>
            <file>file:/C:/Users/ASUS%20TUF%20GAMING%20A15/OneDrive/Documents/NetBeansProjects/App_Data_Member/src/app_data_member/DAO/DAO_Member.java</file>
            <file>file:/C:/Users/ASUS%20TUF%20GAMING%20A15/OneDrive/Documents/NetBeansProjects/App_Data_Member/src/app_data_member/DAOImplement/Implement_Member.java</file>
        </group>
    </open-files>
</project-private>
